doc,line,file,pred,gt,cer,time_ms
0b2c2464e662f5d4f44ebac6e14a099b,1,0b2c2464e662f5d4f44ebac6e14a099b_linea_01.jpg,Diario de una picsena con,Diario de una persona con,0.120000,1447.7
0b2c2464e662f5d4f44ebac6e14a099b,3,0b2c2464e662f5d4f44ebac6e14a099b_linea_03.jpg,y cuando menos púnsas es cuando hodo sacede.,Y cuando menos piensas es cuando todo sucede,0.136364,1184.3
0b2c2464e662f5d4f44ebac6e14a099b,4,0b2c2464e662f5d4f44ebac6e14a099b_linea_04.jpg,"cuándo , te sintes tua bien cartigo nlsma es","cuándo, te sientes tan bien contigo mismo es",0.204545,1482.1
0b2c2464e662f5d4f44ebac6e14a099b,5,0b2c2464e662f5d4f44ebac6e14a099b_linea_05.jpg,cuando de repente te suntes completamente —,cuando de repente te sientes completamente,0.095238,934.4
0b2c2464e662f5d4f44ebac6e14a099b,6,0b2c2464e662f5d4f44ebac6e14a099b_linea_06.jpg,distrozada y cominzas can todos esas piquentes,destrozada y comienzas con todas esas preguntas,0.191489,1370.7
0b2c2464e662f5d4f44ebac6e14a099b,7,0b2c2464e662f5d4f44ebac6e14a099b_linea_07.jpg,una y otra vez todo el día y todos los días.,una y otra vez todo el día y todos los días,0.023256,1184.3
0b2c2464e662f5d4f44ebac6e14a099b,8,0b2c2464e662f5d4f44ebac6e14a099b_linea_08.jpg,¿ En que momento perdiste el control de todo? .,¿En que momento perdiste el control de todo?,0.068182,1230.6
0b2c2464e662f5d4f44ebac6e14a099b,9,0b2c2464e662f5d4f44ebac6e14a099b_linea_09.jpg,¿ En que momento todo se turno tan difióí?,¿En que momento todo se tornó tan difícil?,0.166667,1380.7
0b2c2464e662f5d4f44ebac6e14a099b,10,0b2c2464e662f5d4f44ebac6e14a099b_linea_10.jpg,¿ Qué va eso que estaba tan mal para llorar y-,¿Qué era eso que estaba tan mal para llorar y,0.088889,1192.5
0b2c2464e662f5d4f44ebac6e14a099b,11,0b2c2464e662f5d4f44ebac6e14a099b_linea_11.jpg,santir la necesidad de que alguiía estuvera carffipo,sentir la necesidad de que alguien estuviera contigo,0.173077,1370.5
0b2c2464e662f5d4f44ebac6e14a099b,12,0b2c2464e662f5d4f44ebac6e14a099b_linea_12.jpg,in use maminó? si antes eras tan. suficiale .,en ese momento? si antes eras tan suficiente,0.272727,1348.2
0b2c2464e662f5d4f44ebac6e14a099b,13,0b2c2464e662f5d4f44ebac6e14a099b_linea_13.jpg,contigo mismo para sanarte tantas beridas suo,contigo mismo para sanarte tantas heridas sin,0.066667,1133.5
0b2c2464e662f5d4f44ebac6e14a099b,15,0b2c2464e662f5d4f44ebac6e14a099b_linea_15.jpg,y todo se vuelva más dlícil aún cuando confirma,Y todo se vuelva más difícil aún cuando comienzas,0.183673,1423.4
0b2c2464e662f5d4f44ebac6e14a099b,16,0b2c2464e662f5d4f44ebac6e14a099b_linea_16.jpg,"a her recáidos todos los días, cada vez que","a tener recaídas todos los días, cada vez que",0.133333,1181.3
0b2c2464e662f5d4f44ebac6e14a099b,17,0b2c2464e662f5d4f44ebac6e14a099b_linea_17.jpg,llonas te destrozas aún más y-suches. quete-,lloras te destrozas aún más y sientes que te,0.204545,1662.5
0b2c2464e662f5d4f44ebac6e14a099b,18,0b2c2464e662f5d4f44ebac6e14a099b_linea_18.jpg,"hundes , en lo más abciaco de tu ser y de piente",hundes en lo más obscuro de tu ser y de pronto,0.217391,1235.3
0b2c2464e662f5d4f44ebac6e14a099b,19,0b2c2464e662f5d4f44ebac6e14a099b_linea_19.jpg,camincas a sentic niedo y la difícil es counda,comienzas a sentir miedo y lo difícil es cuando,0.191489,1366.7
0d2b9636da40f3a98cb0862d387db9f9,1,0d2b9636da40f3a98cb0862d387db9f9_linea_01.jpg,Queridas todos:,Queridos Todos:,0.133333,549.7
0d2b9636da40f3a98cb0862d387db9f9,2,0d2b9636da40f3a98cb0862d387db9f9_linea_02.jpg,Hemos estado en Vallo dolid core los priez,Hemos estado en Valladolid con los primos,0.170732,1021.8
0d2b9636da40f3a98cb0862d387db9f9,3,0d2b9636da40f3a98cb0862d387db9f9_linea_03.jpg,"Sose mique, toico, tio Afri, tia Caseren","José Miguel, Toño, tío Afri, tía Carmen",0.333333,1427.9
0d2b9636da40f3a98cb0862d387db9f9,4,0d2b9636da40f3a98cb0862d387db9f9_linea_04.jpg,y dentio de la convencevre salió el fema,y dentro de la conversación salió el tema,0.219512,1189.2
0d2b9636da40f3a98cb0862d387db9f9,5,0d2b9636da40f3a98cb0862d387db9f9_linea_05.jpg,"de la fuesa de las abreelos ""to divers"" ,","de la finca de los abuelos ""La Rivera"" y",0.275000,1153.9
0d2b9636da40f3a98cb0862d387db9f9,6,0d2b9636da40f3a98cb0862d387db9f9_linea_06.jpg,decisions in pues estaba a punto de casa-,decidimos ir pues estaba a punto de desa-,0.146341,951.5
0d2b9636da40f3a98cb0862d387db9f9,7,0d2b9636da40f3a98cb0862d387db9f9_linea_07.jpg,parecen. Así que fininos y estata presenti,parecer. Así que fuimos y estaba prácticamente,0.282609,1088.4
0d2b9636da40f3a98cb0862d387db9f9,8,0d2b9636da40f3a98cb0862d387db9f9_linea_08.jpg,concente destuidad padosaje irrecursolle,destruido el paisaje irreconocible,0.647059,1074.3
0d2b9636da40f3a98cb0862d387db9f9,9,0d2b9636da40f3a98cb0862d387db9f9_linea_09.jpg,barcen lo codicantedo per la tia y las fotos,según lo comentado por la tía y las fotos,0.292683,1748.3
0d2b9636da40f3a98cb0862d387db9f9,10,0d2b9636da40f3a98cb0862d387db9f9_linea_10.jpg,que levisto. Piescétamos dos públicos de la,que he visto. Rescatamos dos hijos de la,0.250000,1447.3
0d2b9636da40f3a98cb0862d387db9f9,11,0d2b9636da40f3a98cb0862d387db9f9_linea_11.jpg,puenta principal que es lo cinco que modo,puerta principal que es lo único que medio,0.142857,827.8
0d2b9636da40f3a98cb0862d387db9f9,12,0d2b9636da40f3a98cb0862d387db9f9_linea_12.jpg,que de la car pore.,quedó en pie.,0.769231,675.5
0d2b9636da40f3a98cb0862d387db9f9,13,0d2b9636da40f3a98cb0862d387db9f9_linea_13.jpg,fisi que me voj a lior core lleuxae alredador-,Así que me voy a liar con llevar alrededor,0.285714,1431.8
0d2b9636da40f3a98cb0862d387db9f9,14,0d2b9636da40f3a98cb0862d387db9f9_linea_14.jpg,de voxí de Vierro Elenade recuerdas.,de 20 Kg de hierro lleno de recuerdos.,0.263158,1080.2
0d2b9636da40f3a98cb0862d387db9f9,15,0d2b9636da40f3a98cb0862d387db9f9_linea_15.jpg,Hasta otra apartueni dad.,Hasta otra oportunidad.,0.173913,860.6
0db780ef16d50e519302a7a0e1aa4fd3,2,0db780ef16d50e519302a7a0e1aa4fd3_linea_02.jpg,Si a veces silencioso y pensativo,Si a veces silencioso y pensativo,0.000000,1310.7
0db780ef16d50e519302a7a0e1aa4fd3,3,0db780ef16d50e519302a7a0e1aa4fd3_linea_03.jpg,"a tu lado me ves, querida mía,","a tu lado me ves, querida mía,",0.000000,1246.3
0db780ef16d50e519302a7a0e1aa4fd3,4,0db780ef16d50e519302a7a0e1aa4fd3_linea_04.jpg,es porque hallo en tus ojos la armería,es porque hallo en tus ojos la armonía,0.052632,1341.0
0db780ef16d50e519302a7a0e1aa4fd3,5,0db780ef16d50e519302a7a0e1aa4fd3_linea_05.jpg,de un lenguaje tan dulce y expresivo.,de un lenguaje tan dulce y expresivo.,0.000000,1420.6
0db780ef16d50e519302a7a0e1aa4fd3,6,0db780ef16d50e519302a7a0e1aa4fd3_linea_06.jpg,Y eres tan mía entonces que me orivo,Y eres tan mía entonces que me privo,0.027778,1182.8
0db780ef16d50e519302a7a0e1aa4fd3,7,0db780ef16d50e519302a7a0e1aa4fd3_linea_07.jpg,"hasta de oír tu voz, porque creería","hasta de oír tu voz, porque creería",0.000000,1183.9
0db780ef16d50e519302a7a0e1aa4fd3,8,0db780ef16d50e519302a7a0e1aa4fd3_linea_08.jpg,"que rompiendo el silencio, desunía","que rompiendo el silencio, desuniría",0.055556,948.7
0db780ef16d50e519302a7a0e1aa4fd3,9,0db780ef16d50e519302a7a0e1aa4fd3_linea_09.jpg,"mi ser del tuyo, cuando en tu alma vivo.","mi ser del tuyo, cuando en tu alma vivo.",0.000000,1017.9
0db780ef16d50e519302a7a0e1aa4fd3,10,0db780ef16d50e519302a7a0e1aa4fd3_linea_10.jpg,"¡ Y estás tan bellaz mi placer es tanto,","¡Y estás tan bella; mi placer es tanto,",0.051282,1218.6
0db780ef16d50e519302a7a0e1aa4fd3,11,0db780ef16d50e519302a7a0e1aa4fd3_linea_11.jpg,"es tan completo cuando así te miro,",es tan completo cuando así te miro;,0.028571,909.1
0db780ef16d50e519302a7a0e1aa4fd3,12,0db780ef16d50e519302a7a0e1aa4fd3_linea_12.jpg,"siento en mí corazón tan dulce encanto,","siento en mi corazón tan dulce encanto,",0.025641,1336.2
0db780ef16d50e519302a7a0e1aa4fd3,13,0db780ef16d50e519302a7a0e1aa4fd3_linea_13.jpg,"que me parece, a veces, que en ti admiro","que me parece, a veces, que en ti admiro",0.000000,1227.6
0db780ef16d50e519302a7a0e1aa4fd3,14,0db780ef16d50e519302a7a0e1aa4fd3_linea_14.jpg,"una visión celeste, un sueño santo","una visión celeste, un sueño santo",0.000000,920.7
0db780ef16d50e519302a7a0e1aa4fd3,15,0db780ef16d50e519302a7a0e1aa4fd3_linea_15.jpg,que va a desvanecerse si respiro!,que va a desvanecerse si respiro!,0.000000,1090.5
0db780ef16d50e519302a7a0e1aa4fd3,16,0db780ef16d50e519302a7a0e1aa4fd3_linea_16.jpg,Soneto de Guillermo Blest Jana,Soneto de Guillermo Blest Gana,0.033333,848.4
116cab69718985e58ade3a4386b8d2ed,1,116cab69718985e58ade3a4386b8d2ed_linea_01.jpg,8104/2022,8/04/2022,0.111111,561.0
116cab69718985e58ade3a4386b8d2ed,2,116cab69718985e58ade3a4386b8d2ed_linea_02.jpg,"My amor de ayer,","Mi amor de ayer,",0.062500,851.1
116cab69718985e58ade3a4386b8d2ed,3,116cab69718985e58ade3a4386b8d2ed_linea_03.jpg,"Necersito escuiente con urgencia, porque las furlabras se mi","Necesito escribirte con urgencia, porque las palabras se me",0.152542,1638.3
116cab69718985e58ade3a4386b8d2ed,4,116cab69718985e58ade3a4386b8d2ed_linea_04.jpg,"escapen todos los días. No solo las difties, sino también las","escapan todos los días. No solo las difíciles, sino también las",0.063492,1613.6
116cab69718985e58ade3a4386b8d2ed,5,116cab69718985e58ade3a4386b8d2ed_linea_05.jpg,palabras cotidianas. Solo mi mano las recuerde al sscriber.,palabras cotidianas. Solo mi mano las recuerda al escribir.,0.050847,1808.7
116cab69718985e58ade3a4386b8d2ed,6,116cab69718985e58ade3a4386b8d2ed_linea_06.jpg,Tengo pusa antes deone se me olvide con todo el cuerfu lo que,Tengo prisa antes de que se me olvide con todo el cuerpo lo que,0.111111,1787.9
116cab69718985e58ade3a4386b8d2ed,7,116cab69718985e58ade3a4386b8d2ed_linea_07.jpg,"quitro dicirte. Do memore de lo que seré está por aheara, intacto","quiero decirte. La memoria de lo que sentí está, por ahora, intacta",0.194030,1931.9
116cab69718985e58ade3a4386b8d2ed,8,116cab69718985e58ade3a4386b8d2ed_linea_08.jpg,ferroté que en el futuro ni siquiera eso estará.,pero sé que en el futuro ni siquiera eso estará.,0.083333,1346.0
116cab69718985e58ade3a4386b8d2ed,9,116cab69718985e58ade3a4386b8d2ed_linea_09.jpg,"Fueste mi último amor, ti amor si puede llamae a","Fueste mi último amor, si amor si puedo llamar a",0.062500,1375.4
116cab69718985e58ade3a4386b8d2ed,10,116cab69718985e58ade3a4386b8d2ed_linea_10.jpg,"ese pentimiento egoista, al menos el mío, donde los sentido","ese sentimiento egoísta, al menos el mío, donde los sentidos",0.050000,1611.0
116cab69718985e58ade3a4386b8d2ed,11,116cab69718985e58ade3a4386b8d2ed_linea_11.jpg,el place y la culpa fueran las ingradientes que sus invendieron,el placer y la culpa fueran los ingredientes que nos incendiaron,0.109375,1624.1
116cab69718985e58ade3a4386b8d2ed,12,116cab69718985e58ade3a4386b8d2ed_linea_12.jpg,' ¡tove one mire en el estelo y un refeza la imagen que,Hoy me miro en el espejo y no refleja la imagen que,0.294118,1769.1
116cab69718985e58ade3a4386b8d2ed,13,116cab69718985e58ade3a4386b8d2ed_linea_13.jpg,"recuerado de mi, pero también un recuerdo de iná.","recuerdo de mi, pero también ese recuerdo se irá.",0.122449,1374.8
116cab69718985e58ade3a4386b8d2ed,14,116cab69718985e58ade3a4386b8d2ed_linea_14.jpg,"Servi que quería decirte? De bocluo, solo quiero suísitur","Pero ¿qué quería decirte? De hecho, solo quiero escribir",0.267857,1665.8
116cab69718985e58ade3a4386b8d2ed,15,116cab69718985e58ade3a4386b8d2ed_linea_15.jpg,"para das vida á esos cautures del pasado, hacerles nivoir","para dar vida a esos sentires del pasado, hacerlos vivir",0.160714,1379.9
116cab69718985e58ade3a4386b8d2ed,16,116cab69718985e58ade3a4386b8d2ed_linea_16.jpg,"a traves de la escítura, esuibia para que me recuerdes.","a través de la escritura, escribir para que me recuerdes.",0.105263,1698.6
116cab69718985e58ade3a4386b8d2ed,17,116cab69718985e58ade3a4386b8d2ed_linea_17.jpg,"Todor alaban el frisman a mío y yo, porque es el primera","Todos alaban el primer amor y yo, porque es el primero",0.166667,1713.4
116cab69718985e58ade3a4386b8d2ed,18,116cab69718985e58ade3a4386b8d2ed_linea_18.jpg,"que olvidaré, quiero tables del último. Use último irresparad","que olvidaré, quiero hablar del último. Ese último inesperado,",0.145161,1811.0
116cab69718985e58ade3a4386b8d2ed,19,116cab69718985e58ade3a4386b8d2ed_linea_19.jpg,apulquico y nibrante a través del cual agarré la juventud ya,químico y vibrante a través del cual agarré la juventud ya,0.103448,1867.8
116cab69718985e58ade3a4386b8d2ed,20,116cab69718985e58ade3a4386b8d2ed_linea_20.jpg,bendida. Casa fue su importancia.,perdida. Esa fue su importancia.,0.125000,915.1
116cab69718985e58ade3a4386b8d2ed,21,116cab69718985e58ade3a4386b8d2ed_linea_21.jpg,Fuiste el puente ante el yo final y al yo anterior.,Fuiste el puente entre el yo final y el yo anterior.,0.057692,1198.1
116cab69718985e58ade3a4386b8d2ed,22,116cab69718985e58ade3a4386b8d2ed_linea_22.jpg,"Pero ahora ni miquiero lo mecesrito más, tole llege",Pero ahora ni siquiera lo necesito más. Solo llega,0.160000,1497.2
116cab69718985e58ade3a4386b8d2ed,23,116cab69718985e58ade3a4386b8d2ed_linea_23.jpg,el recuerdo y da celor á los días quices i iqueles. Tristes.,el recuerdo y da calor a los días grises e iguales. Tristes.,0.133333,1970.1
116cab69718985e58ade3a4386b8d2ed,24,116cab69718985e58ade3a4386b8d2ed_linea_24.jpg,"ba añatempa ya no es de ti. ser de mi. De lo que pii, quiés","La añoranza ya no es de ti. Es de mi. De lo que fui, quién",0.206897,1904.1
116cab69718985e58ade3a4386b8d2ed,25,116cab69718985e58ade3a4386b8d2ed_linea_25.jpg,fui y que pierito que huye aceleradamente.,fui y que siento que huye aceleradamente.,0.073171,1334.0
116cab69718985e58ade3a4386b8d2ed,26,116cab69718985e58ade3a4386b8d2ed_linea_26.jpg,""" ""Ví día has de perdinar habite usado para resistis of",Un día has de perdonar haberme usado para resistir el,0.226415,1615.8
116cab69718985e58ade3a4386b8d2ed,27,116cab69718985e58ade3a4386b8d2ed_linea_27.jpg,para del tiempo y tómbién freguntarte cómo y por qué le,paso del tiempo y también preguntarte cómo y por qué te,0.090909,1529.9
116cab69718985e58ade3a4386b8d2ed,29,116cab69718985e58ade3a4386b8d2ed_linea_29.jpg,"Olvidé tu nombre, tus falovae sumimades o gitadas, la","Olvidé tu nombre, tus palabras susurradas o gritadas, las",0.210526,1869.3
116cab69718985e58ade3a4386b8d2ed,30,116cab69718985e58ade3a4386b8d2ed_linea_30.jpg,palabrae tiermar o vulgaras que intércanbianes. Peronecuado,palabras tiernas o vulgares que intercambiamos. Pero recuerdo,0.196721,1740.9
116cab69718985e58ade3a4386b8d2ed,31,116cab69718985e58ade3a4386b8d2ed_linea_31.jpg,"tu rosto, tu cuerfu, la ""friso con que vos desmudarno y se","tu rostro, tu cuerpo, la prisa con que nos desnudamos y el",0.224138,1981.4
116cab69718985e58ade3a4386b8d2ed,32,116cab69718985e58ade3a4386b8d2ed_linea_32.jpg,afan con que nos amá bemos.,afán con que nos amábamos.,0.115385,968.6
116cab69718985e58ade3a4386b8d2ed,33,116cab69718985e58ade3a4386b8d2ed_linea_33.jpg,"' Alas , in mi invieruo, me fuepero para la malo que un","Ahora, en mi invierno, me preparo para la nada que me",0.301887,1642.3
116cab69718985e58ade3a4386b8d2ed,35,116cab69718985e58ade3a4386b8d2ed_linea_35.jpg,'ba vida conveció en una pizarra en blanco es lo,La vida convertida en una pizarra en blanco es lo,0.122449,1795.2
116cab69718985e58ade3a4386b8d2ed,36,116cab69718985e58ade3a4386b8d2ed_linea_36.jpg,regale de los diores pas poderóno humdir un la invininen,regalo de los dioses para podernos hundir en la inminен,0.236364,1578.7
116cab69718985e58ade3a4386b8d2ed,37,116cab69718985e58ade3a4386b8d2ed_linea_37.jpg,día de las desaparicion sin moblagicia ni tiuteza.,cia de la desaparición sin nostalgia ni tristeza.,0.244898,1531.3
116cab69718985e58ade3a4386b8d2ed,38,116cab69718985e58ade3a4386b8d2ed_linea_38.jpg,". Y aunque se uni nombre, te agradesw la vida que une","Y aunque sé mi nombre, te agradezco la vida que me",0.200000,1440.3
116cab69718985e58ade3a4386b8d2ed,39,116cab69718985e58ade3a4386b8d2ed_linea_39.jpg,dune y me despido de eso.,diste y me despido de eso.,0.115385,976.0
1a250be97f3c58f4524a3ce4c70ce7c0,1,1a250be97f3c58f4524a3ce4c70ce7c0_linea_01.jpg,"tacular , captar la estimu","tacular, captar la estimu",0.040000,873.1
1a250be97f3c58f4524a3ce4c70ce7c0,2,1a250be97f3c58f4524a3ce4c70ce7c0_linea_02.jpg,nuestros sentidos . El colo,nuestros sentidos. El colo,0.038462,873.5
1a250be97f3c58f4524a3ce4c70ce7c0,3,1a250be97f3c58f4524a3ce4c70ce7c0_linea_03.jpg,tilizarse para sugerir,tilizarse para sugeri,0.047619,778.0
1a250be97f3c58f4524a3ce4c70ce7c0,4,1a250be97f3c58f4524a3ce4c70ce7c0_linea_04.jpg,mar el carácter de una,tuar el carácter de una,0.086957,787.8
1a250be97f3c58f4524a3ce4c70ce7c0,5,1a250be97f3c58f4524a3ce4c70ce7c0_linea_05.jpg,así como para crear un,así como para crear un,0.000000,730.9
1a250be97f3c58f4524a3ce4c70ce7c0,6,1a250be97f3c58f4524a3ce4c70ce7c0_linea_06.jpg,sta emocional en la m,sta emocional en la m,0.000000,719.8
1a250be97f3c58f4524a3ce4c70ce7c0,7,1a250be97f3c58f4524a3ce4c70ce7c0_linea_07.jpg,expectador . Este afecta a,espectador. Este afecta a,0.080000,860.0
1a250be97f3c58f4524a3ce4c70ce7c0,8,1a250be97f3c58f4524a3ce4c70ce7c0_linea_08.jpg,emociones mucho más a,s emociones mucho más d,0.130435,754.6
1a250be97f3c58f4524a3ce4c70ce7c0,9,1a250be97f3c58f4524a3ce4c70ce7c0_linea_09.jpg,creemos y puede mani,creemos y puede mani,0.000000,771.6
1a250be97f3c58f4524a3ce4c70ce7c0,10,1a250be97f3c58f4524a3ce4c70ce7c0_linea_10.jpg,quier estado . Exponem.,lquier estado. Exponem,0.136364,815.4
1a250be97f3c58f4524a3ce4c70ce7c0,11,1a250be97f3c58f4524a3ce4c70ce7c0_linea_11.jpg,s consideraciones estetica,s consideraciones estética,0.038462,724.5
1dbe0edcd13c319f5c5ee6ecaeec2b9e,1,1dbe0edcd13c319f5c5ee6ecaeec2b9e_linea_01.jpg,Mi huna...,Mi lund...,0.200000,548.9
1dbe0edcd13c319f5c5ee6ecaeec2b9e,2,1dbe0edcd13c319f5c5ee6ecaeec2b9e_linea_02.jpg,Poeche que el tiempo haya pasado,Puede que el tiempo haya pasado,0.096774,802.0
1dbe0edcd13c319f5c5ee6ecaeec2b9e,3,1dbe0edcd13c319f5c5ee6ecaeec2b9e_linea_03.jpg,pero no ha borrado ni un sólo,pero no ha borrado ni un solo,0.034483,838.5
1dbe0edcd13c319f5c5ee6ecaeec2b9e,4,1dbe0edcd13c319f5c5ee6ecaeec2b9e_linea_04.jpg,milímetro de tu piel en mi memoria,milímetro de tu piel en mi memoria.,0.028571,991.5
1dbe0edcd13c319f5c5ee6ecaeec2b9e,5,1dbe0edcd13c319f5c5ee6ecaeec2b9e_linea_05.jpg,Aveces me gusta cerrar les exps,A veces me gusta cerrar los ojos,0.156250,984.2
1dbe0edcd13c319f5c5ee6ecaeec2b9e,6,1dbe0edcd13c319f5c5ee6ecaeec2b9e_linea_06.jpg,sólo para tener el placer de recordarte,solo para tener el placer de recordarte,0.025641,990.5
1dbe0edcd13c319f5c5ee6ecaeec2b9e,7,1dbe0edcd13c319f5c5ee6ecaeec2b9e_linea_07.jpg,o me gusta morder mis labios pensando,o me gusta morder mis labios pensando,0.000000,988.9
1dbe0edcd13c319f5c5ee6ecaeec2b9e,8,1dbe0edcd13c319f5c5ee6ecaeec2b9e_linea_08.jpg,que tu beso que el culpable.,que tu beso fue el culpable.,0.035714,783.3
1dbe0edcd13c319f5c5ee6ecaeec2b9e,9,1dbe0edcd13c319f5c5ee6ecaeec2b9e_linea_09.jpg,Tú has sido la más hermosa realidad,Tú has sido la más hermosa realidad,0.000000,983.6
1dbe0edcd13c319f5c5ee6ecaeec2b9e,10,1dbe0edcd13c319f5c5ee6ecaeec2b9e_linea_10.jpg,que ho tenido pero llegaste demasiado,que he tenido pero llegaste demasiado,0.027027,990.8
1dbe0edcd13c319f5c5ee6ecaeec2b9e,11,1dbe0edcd13c319f5c5ee6ecaeec2b9e_linea_11.jpg,tarde y te puesto demasiado ponto.,tarde y te fuiste demasiado pronto.,0.114286,1053.2
1dbe0edcd13c319f5c5ee6ecaeec2b9e,12,1dbe0edcd13c319f5c5ee6ecaeec2b9e_linea_12.jpg,Aquí algo esperando lo resperado :,Aquí sigo esperando lo inesperado:,0.147059,993.1
1dbe0edcd13c319f5c5ee6ecaeec2b9e,13,1dbe0edcd13c319f5c5ee6ecaeec2b9e_linea_13.jpg,"decirte "" buenas noches"" y Buenos diés""","decirte ""buenas noches"" y ""buenos días""",0.128205,1300.8
1dbe0edcd13c319f5c5ee6ecaeec2b9e,14,1dbe0edcd13c319f5c5ee6ecaeec2b9e_linea_14.jpg,sin haberme ido de tu ludo . Te extrano.,sin haberme ido de tu lado... Te extraño...,0.139535,1214.0
1dbe0edcd13c319f5c5ee6ecaeec2b9e,15,1dbe0edcd13c319f5c5ee6ecaeec2b9e_linea_15.jpg,- ACCIÓN JULIÉMICA -,- Acción Julietrica -,0.666667,1013.5
25f30c6f4868022833db7c1c5b88510e,1,25f30c6f4868022833db7c1c5b88510e_linea_01.jpg,¿ Rocuerdos aquella tarde,¿Recuerdas aquella tarde,0.125000,863.3
25f30c6f4868022833db7c1c5b88510e,2,25f30c6f4868022833db7c1c5b88510e_linea_02.jpg,que jugamos tojo lo lloría,que jugamos bajo la lluvia?,0.259259,855.8
25f30c6f4868022833db7c1c5b88510e,3,25f30c6f4868022833db7c1c5b88510e_linea_03.jpg,no te lo he dicho,No te lo he dicho,0.058824,654.6
25f30c6f4868022833db7c1c5b88510e,4,25f30c6f4868022833db7c1c5b88510e_linea_04.jpg,pero nunca había sido tan felir ...,pero nunca había sido tan feliz...,0.058824,790.0
25f30c6f4868022833db7c1c5b88510e,5,25f30c6f4868022833db7c1c5b88510e_linea_05.jpg,ju cuerpo se convertió,Su cuerpo se convirtió,0.090909,851.7
25f30c6f4868022833db7c1c5b88510e,6,25f30c6f4868022833db7c1c5b88510e_linea_06.jpg,en un sexto continente,en un sexto continente,0.000000,724.7
25f30c6f4868022833db7c1c5b88510e,7,25f30c6f4868022833db7c1c5b88510e_linea_07.jpg,"que sojo yo puedo exejonar,","que solo yo puedo explorar,",0.148148,920.2
25f30c6f4868022833db7c1c5b88510e,8,25f30c6f4868022833db7c1c5b88510e_linea_08.jpg,tu miraca que el resumen,Tu mirada fue el resumen,0.125000,779.8
25f30c6f4868022833db7c1c5b88510e,9,25f30c6f4868022833db7c1c5b88510e_linea_09.jpg,de todos los placeres terrenales,de todos los placeres terrenales,0.000000,921.5
25f30c6f4868022833db7c1c5b88510e,10,25f30c6f4868022833db7c1c5b88510e_linea_10.jpg,"y tus besos,","y tus besos,",0.000000,730.3
25f30c6f4868022833db7c1c5b88510e,11,25f30c6f4868022833db7c1c5b88510e_linea_11.jpg,te juro que tus besos ese deá,te juro que tus besos ese día,0.068966,1052.2
25f30c6f4868022833db7c1c5b88510e,12,25f30c6f4868022833db7c1c5b88510e_linea_12.jpg,supieron tofuarme el alma,supieron tatuarme el alma,0.080000,789.8
25f30c6f4868022833db7c1c5b88510e,13,25f30c6f4868022833db7c1c5b88510e_linea_13.jpg,¡ brocias por ese momento,¡Gracias por ese momento,0.125000,831.6
25f30c6f4868022833db7c1c5b88510e,14,25f30c6f4868022833db7c1c5b88510e_linea_14.jpg,y gracias por existir !,y gracias por existir!,0.045455,786.9
25f30c6f4868022833db7c1c5b88510e,15,25f30c6f4868022833db7c1c5b88510e_linea_15.jpg,- aceión tutética -,- Acción Poética -,0.277778,786.8
31457557ed859659054044d6c20746ba,2,31457557ed859659054044d6c20746ba_linea_02.jpg,"negra cual foso insondable,","negra cual foso insondable,",0.000000,938.9
31457557ed859659054044d6c20746ba,3,31457557ed859659054044d6c20746ba_linea_03.jpg,dgradezco la los dioses si existieron,agradezco a los dioses si existieren,0.083333,1130.7
31457557ed859659054044d6c20746ba,4,31457557ed859659054044d6c20746ba_linea_04.jpg,por mi alma inconquistable.,por mi alma inconquistable.,0.000000,796.0
31457557ed859659054044d6c20746ba,5,31457557ed859659054044d6c20746ba_linea_05.jpg,Bajo el puño de la cizcumstancia,Bajo el puño de la circunstancia,0.062500,1079.2
31457557ed859659054044d6c20746ba,6,31457557ed859659054044d6c20746ba_linea_06.jpg,ni he gritado ni he dobfado mis rodillas,ni he gritado ni he doblado mis rodillas,0.025000,1283.8
31457557ed859659054044d6c20746ba,7,31457557ed859659054044d6c20746ba_linea_07.jpg,Bajo el capricho del destino,Bajo el capricho del destino,0.000000,922.4
31457557ed859659054044d6c20746ba,8,31457557ed859659054044d6c20746ba_linea_08.jpg,"mi cabeza sangra, pero erguida.","mi cabeza sangra, pero erguida.",0.000000,1043.8
31457557ed859659054044d6c20746ba,9,31457557ed859659054044d6c20746ba_linea_09.jpg,Más allá de este lugar de lágrimas e ira,Más allá de este lugar de lágrimas e ira,0.000000,1295.8
31457557ed859659054044d6c20746ba,10,31457557ed859659054044d6c20746ba_linea_10.jpg,de las sombras intuyo el horner,de las sombras intuyo el horror,0.064516,1078.0
31457557ed859659054044d6c20746ba,11,31457557ed859659054044d6c20746ba_linea_11.jpg,y aún así la amendiza de las eras,y aún así la amenaza de las eras,0.062500,1209.6
31457557ed859659054044d6c20746ba,12,31457557ed859659054044d6c20746ba_linea_12.jpg,me encuentra y encontrará sin temor.,me encuentra y encontrará sin temor.,0.000000,1075.1
31457557ed859659054044d6c20746ba,13,31457557ed859659054044d6c20746ba_linea_13.jpg,No importa cuan estrecho el umbral,No importa cuan estrecho el umbral,0.000000,1036.6
31457557ed859659054044d6c20746ba,14,31457557ed859659054044d6c20746ba_linea_14.jpg,que tan severo el castigo,que tan severo el castigo,0.000000,795.7
31457557ed859659054044d6c20746ba,15,31457557ed859659054044d6c20746ba_linea_15.jpg,soy el señor de mi destino,soy el señor de mi destino,0.000000,914.7
31457557ed859659054044d6c20746ba,16,31457557ed859659054044d6c20746ba_linea_16.jpg,de mi alma el capitán soy.,de mi alma el capitán soy.,0.000000,854.7
75a49491ceba7d628c74e19df744fd02,1,75a49491ceba7d628c74e19df744fd02_linea_01.jpg,A la noche.,A la noche.,0.000000,608.1
75a49491ceba7d628c74e19df744fd02,2,75a49491ceba7d628c74e19df744fd02_linea_02.jpg,"Noche fabricadora de embelecos,","Noche fabricadora de embelesos,",0.032258,1008.4
75a49491ceba7d628c74e19df744fd02,3,75a49491ceba7d628c74e19df744fd02_linea_03.jpg,"loca, magimativa, quimerista,","loca, imaginativa, quimerista,",0.066667,993.1
75a49491ceba7d628c74e19df744fd02,4,75a49491ceba7d628c74e19df744fd02_linea_04.jpg,"que muestidos al que entre su bien conquista,","que muestras al que en ti su bien conquista,",0.136364,1198.4
75a49491ceba7d628c74e19df744fd02,5,75a49491ceba7d628c74e19df744fd02_linea_05.jpg,los montes llaños y los mares secos;,los montes llanos y los mares secos;,0.027778,1294.5
75a49491ceba7d628c74e19df744fd02,6,75a49491ceba7d628c74e19df744fd02_linea_06.jpg,"habitadora de celebros huecos,","habitadora de celebros huecos,",0.000000,912.2
75a49491ceba7d628c74e19df744fd02,7,75a49491ceba7d628c74e19df744fd02_linea_07.jpg,"necíanica, filósofa, alquimista,","mecánica, filósofa, alquimista,",0.096774,1263.9
75a49491ceba7d628c74e19df744fd02,8,75a49491ceba7d628c74e19df744fd02_linea_08.jpg,"encubridora vil, línce sin vista,","encubridora vil, lince sin vista,",0.030303,1144.5
75a49491ceba7d628c74e19df744fd02,9,75a49491ceba7d628c74e19df744fd02_linea_09.jpg,espantadiza de tus mismos ecos;,espantadiza de tus mismos ecos;,0.000000,1137.9
75a49491ceba7d628c74e19df744fd02,10,75a49491ceba7d628c74e19df744fd02_linea_10.jpg,"La sombra, el miedo, el mal se te atribuya,","la sombra, el miedo, el mal se te atribuya,",0.023256,1519.2
75a49491ceba7d628c74e19df744fd02,11,75a49491ceba7d628c74e19df744fd02_linea_11.jpg,"solicita, poeta, enferma, feía,","solicita, poeta, enferma, fría,",0.032258,1134.1
75a49491ceba7d628c74e19df744fd02,12,75a49491ceba7d628c74e19df744fd02_linea_12.jpg,manos del braro y piel del fugitivo.,manos del bravo y pies del fugitivo.,0.055556,1123.7
75a49491ceba7d628c74e19df744fd02,13,75a49491ceba7d628c74e19df744fd02_linea_13.jpg,"Que vele o duerma, media vida es tuya;","Que vele o duerma, media vida es tuya;",0.000000,1218.0
75a49491ceba7d628c74e19df744fd02,14,75a49491ceba7d628c74e19df744fd02_linea_14.jpg,"si velo, te lo pago con el día,","si velo, te lo pago con el día,",0.000000,1050.6
75a49491ceba7d628c74e19df744fd02,15,75a49491ceba7d628c74e19df744fd02_linea_15.jpg,"y si duermo, no siento lo que virro.","y si duermo, no siento lo que vivo.",0.057143,1284.7
75a49491ceba7d628c74e19df744fd02,16,75a49491ceba7d628c74e19df744fd02_linea_16.jpg,Soneto de Lope de Vega.,Soneto de Lope de Vega.,0.000000,835.5
7816b414e2c3010ee053b94178403e4c,2,7816b414e2c3010ee053b94178403e4c_linea_02.jpg,Sí para recobrar lo recobrado,Si para recobrar lo recobrado,0.034483,1004.7
7816b414e2c3010ee053b94178403e4c,3,7816b414e2c3010ee053b94178403e4c_linea_03.jpg,"debí perder primero lo perdido,","debí perder primero lo perdido,",0.000000,1055.6
7816b414e2c3010ee053b94178403e4c,4,7816b414e2c3010ee053b94178403e4c_linea_04.jpg,si pára conseguir lo conseguido,si para conseguir lo conseguido,0.032258,992.9
7816b414e2c3010ee053b94178403e4c,5,7816b414e2c3010ee053b94178403e4c_linea_05.jpg,"tuve que soportar lo soportado,","tuve que soportar lo soportado,",0.000000,1046.2
7816b414e2c3010ee053b94178403e4c,6,7816b414e2c3010ee053b94178403e4c_linea_06.jpg,sí para estar ahora enamerado,si para estar ahora enamorado,0.068966,861.2
7816b414e2c3010ee053b94178403e4c,7,7816b414e2c3010ee053b94178403e4c_linea_07.jpg,"fue menester haber estado herido,","fué menester haber estado herido,",0.030303,849.9
7816b414e2c3010ee053b94178403e4c,8,7816b414e2c3010ee053b94178403e4c_linea_08.jpg,"tengo por bien sufrido lo sufrido,","tengo por bien sufrido lo sufrido,",0.000000,1128.4
7816b414e2c3010ee053b94178403e4c,9,7816b414e2c3010ee053b94178403e4c_linea_09.jpg,tengo por bien llbrado lo llorado.,tengo por bien llorado lo llorado.,0.029412,1044.8
7816b414e2c3010ee053b94178403e4c,10,7816b414e2c3010ee053b94178403e4c_linea_10.jpg,Porque destrues de todo he comprobado,Porque después de todo he comprobado,0.083333,1126.8
7816b414e2c3010ee053b94178403e4c,11,7816b414e2c3010ee053b94178403e4c_linea_11.jpg,que no se coza bien de lo gozado,que no se goza bien de lo gozado,0.031250,1037.7
7816b414e2c3010ee053b94178403e4c,12,7816b414e2c3010ee053b94178403e4c_linea_12.jpg,sino después de haberlo padecido.,sino después de haberlo padecido.,0.000000,931.8
7816b414e2c3010ee053b94178403e4c,13,7816b414e2c3010ee053b94178403e4c_linea_13.jpg,Porque después de todo he comprendido,Porque después de todo he comprendido,0.000000,976.8
7816b414e2c3010ee053b94178403e4c,14,7816b414e2c3010ee053b94178403e4c_linea_14.jpg,por lo que el árbol tiene de florido,por lo que el árbol tiene de florido,0.000000,991.0
7816b414e2c3010ee053b94178403e4c,15,7816b414e2c3010ee053b94178403e4c_linea_15.jpg,vive de lo que tiene sepultado.,vive de lo que tiene sepultado.,0.000000,982.9
8e24279aece0f6ce7d0ca803a70c1538,1,8e24279aece0f6ce7d0ca803a70c1538_linea_01.jpg,¡ famás te he amado tanto como en,¡Jamás te he amado tanto como en,0.062500,1217.9
8e24279aece0f6ce7d0ca803a70c1538,2,8e24279aece0f6ce7d0ca803a70c1538_linea_02.jpg,este momento!,este momento!,0.000000,638.7
8e24279aece0f6ce7d0ca803a70c1538,3,8e24279aece0f6ce7d0ca803a70c1538_linea_03.jpg,"Este aire dulce y tibio me exaspera,",Este aire dulce y tibio me exaspera;,0.027778,1523.4
8e24279aece0f6ce7d0ca803a70c1538,4,8e24279aece0f6ce7d0ca803a70c1538_linea_04.jpg,este aire que rcorre todo el apartamiento,este aire que recorre todo el apartamiento,0.023810,1280.1
8e24279aece0f6ce7d0ca803a70c1538,5,8e24279aece0f6ce7d0ca803a70c1538_linea_05.jpg,esparciendo la primavera.,esparciendo la primavera.,0.000000,915.4
8e24279aece0f6ce7d0ca803a70c1538,6,8e24279aece0f6ce7d0ca803a70c1538_linea_06.jpg,imo te quiero ! Sutro y deseo,¡No te quiero! ¡Sufro y deseo,0.172414,1129.9
8e24279aece0f6ce7d0ca803a70c1538,7,8e24279aece0f6ce7d0ca803a70c1538_linea_07.jpg,que tú sufras allí otro tanto...,que tú sufras allí otro tanto...,0.000000,1172.9
8e24279aece0f6ce7d0ca803a70c1538,8,8e24279aece0f6ce7d0ca803a70c1538_linea_08.jpg,"Sé que todo esto es tonto, antipática y leo...","Sé que todo esto es tonto, antipático y feo...",0.043478,1882.8
8e24279aece0f6ce7d0ca803a70c1538,9,8e24279aece0f6ce7d0ca803a70c1538_linea_09.jpg,¡Pero no sabes cuánto te adoro! ¡ Guinto!,¡Pero no sabes cuánto te adoro! ¡Cuánto!,0.075000,1996.3
8e24279aece0f6ce7d0ca803a70c1538,10,8e24279aece0f6ce7d0ca803a70c1538_linea_10.jpg,¡ Cuánto...,¡Cuánto!...,0.181818,738.1
8e24279aece0f6ce7d0ca803a70c1538,11,8e24279aece0f6ce7d0ca803a70c1538_linea_11.jpg,"¡ Ahh , si tú me extrañaras !... Démo, me","¡Ah, si tú me extrañaras!... Cómo, me",0.162162,1504.1
8e24279aece0f6ce7d0ca803a70c1538,13,8e24279aece0f6ce7d0ca803a70c1538_linea_13.jpg,Así la aimavera te causaría tristeza.,Así la primavera te causaría tristeza...,0.100000,1191.1
8e24279aece0f6ce7d0ca803a70c1538,14,8e24279aece0f6ce7d0ca803a70c1538_linea_14.jpg,y hasta me alcgraría,y hasta me alegraría,0.050000,845.8
8e24279aece0f6ce7d0ca803a70c1538,15,8e24279aece0f6ce7d0ca803a70c1538_linea_15.jpg,que te doliera un poco la cabeza.,que te doliera un poco la cabeza.,0.000000,1529.8
8e24279aece0f6ce7d0ca803a70c1538,16,8e24279aece0f6ce7d0ca803a70c1538_linea_16.jpg,"Poema original de Paul Geraldy,",Poema original de Paul Geraldy.,0.032258,818.1
a9f70c62c032ac34a581c0a36258fb1b,2,a9f70c62c032ac34a581c0a36258fb1b_linea_02.jpg,"Desmayarse, atreverse, estar furioso,","Desmayarse, atreverse, estar furioso,",0.000000,1192.2
a9f70c62c032ac34a581c0a36258fb1b,3,a9f70c62c032ac34a581c0a36258fb1b_linea_03.jpg,"áspec tiempo, liberal, esquino","áspero, tierno, liberal, esquivo,",0.212121,878.8
a9f70c62c032ac34a581c0a36258fb1b,4,a9f70c62c032ac34a581c0a36258fb1b_linea_04.jpg,"alentado, mortal, dijonto, vivo,","alentado, mortal, difunto, vivo,",0.062500,1104.9
a9f70c62c032ac34a581c0a36258fb1b,5,a9f70c62c032ac34a581c0a36258fb1b_linea_05.jpg,"leal , traidor, cobarde y animoso;","leal, traidor, cobarde y animoso;",0.030303,1241.8
a9f70c62c032ac34a581c0a36258fb1b,6,a9f70c62c032ac34a581c0a36258fb1b_linea_06.jpg,no hallar fuera del bien centro y resoso.,"no hallar fuera del bien centro y reposo,",0.048780,1175.2
a9f70c62c032ac34a581c0a36258fb1b,7,a9f70c62c032ac34a581c0a36258fb1b_linea_07.jpg,"mostrarse blegre, triste, humilde, altivo.","mostrarse alegre, triste, humilde, altivo,",0.047619,1329.6
a9f70c62c032ac34a581c0a36258fb1b,8,a9f70c62c032ac34a581c0a36258fb1b_linea_08.jpg,"enopado, valiente, fugitivo.","enojado, valiente, fugitivo,",0.071429,985.1
a9f70c62c032ac34a581c0a36258fb1b,9,a9f70c62c032ac34a581c0a36258fb1b_linea_09.jpg,"satisfecho, ofendido, recélaso;","satisfecho, ofendido, receloso;",0.064516,1189.0
a9f70c62c032ac34a581c0a36258fb1b,10,a9f70c62c032ac34a581c0a36258fb1b_linea_10.jpg,"vivir el restro al claro desengaño,","huir el rostro al claro desengaño,",0.117647,1100.1
a9f70c62c032ac34a581c0a36258fb1b,11,a9f70c62c032ac34a581c0a36258fb1b_linea_11.jpg,"beber veneno por licor suade,","beber veneno por licor suave,",0.034483,971.9
a9f70c62c032ac34a581c0a36258fb1b,12,a9f70c62c032ac34a581c0a36258fb1b_linea_12.jpg,"olvidar el provecho, amar el daño;","olvidar el provecho, amar el daño;",0.000000,1093.0
a9f70c62c032ac34a581c0a36258fb1b,13,a9f70c62c032ac34a581c0a36258fb1b_linea_13.jpg,"creer que un cielo en un infierno cabe,","creer que un cielo en un infierno cabe,",0.000000,2016.3
a9f70c62c032ac34a581c0a36258fb1b,14,a9f70c62c032ac34a581c0a36258fb1b_linea_14.jpg,dar la vida y el alma a un desengaño;,dar la vida y el alma a un desengaño;,0.000000,1223.6
a9f70c62c032ac34a581c0a36258fb1b,15,a9f70c62c032ac34a581c0a36258fb1b_linea_15.jpg,"esto es amor, quien lo probó lo sabe.","esto es amor, quien lo probó lo sabe.",0.000000,1316.7
a9f70c62c032ac34a581c0a36258fb1b,16,a9f70c62c032ac34a581c0a36258fb1b_linea_16.jpg,Poema original de tope de Vega.,Poema original de Lope de Vega.,0.032258,914.2
addf4bd7b20b0494c195a416eb785582,3,addf4bd7b20b0494c195a416eb785582_linea_03.jpg,De necesito . De admiro.,Te necesito. Te admiro.,0.130435,1108.4
addf4bd7b20b0494c195a416eb785582,5,addf4bd7b20b0494c195a416eb785582_linea_05.jpg,Oje deseo. De quiero,Te deseo. Te quiero,0.157895,884.7
addf4bd7b20b0494c195a416eb785582,6,addf4bd7b20b0494c195a416eb785582_linea_06.jpg,Podremos pelear.,podremos pelear.,0.062500,776.8
addf4bd7b20b0494c195a416eb785582,7,addf4bd7b20b0494c195a416eb785582_linea_07.jpg,Estar enójados,Estar enojados,0.071429,704.6
addf4bd7b20b0494c195a416eb785582,8,addf4bd7b20b0494c195a416eb785582_linea_08.jpg,"Pero nada, na cambia","Pero nada, no cambia",0.050000,711.2
addf4bd7b20b0494c195a416eb785582,9,addf4bd7b20b0494c195a416eb785582_linea_09.jpg,una verdad . . .,una verdad...,0.230769,647.5
addf4bd7b20b0494c195a416eb785582,13,addf4bd7b20b0494c195a416eb785582_linea_13.jpg,y en las malas.,y en las malas.,0.000000,779.7
c1aaeaeda01e5eb5e177e1032f6a7ebc,1,c1aaeaeda01e5eb5e177e1032f6a7ebc_linea_01.jpg,"De tres cosas soy esclaro,","De tres cosas soy esclavo,",0.038462,1112.8
c1aaeaeda01e5eb5e177e1032f6a7ebc,2,c1aaeaeda01e5eb5e177e1032f6a7ebc_linea_02.jpg,"de mi bella dáma, de los librps y del buen vino.","de mi bella dama, de los libros y del buen vino.",0.041667,1825.0
c1aaeaeda01e5eb5e177e1032f6a7ebc,3,c1aaeaeda01e5eb5e177e1032f6a7ebc_linea_03.jpg,"Si me falta el vino, leería más libros y en ella","Si me falta el vino, leería más libros y en ella",0.000000,1512.7
c1aaeaeda01e5eb5e177e1032f6a7ebc,4,c1aaeaeda01e5eb5e177e1032f6a7ebc_linea_04.jpg,embriagaría la realidad de mis sentidos.,embriagará la realidad de mis sentidos.,0.051282,1109.5
c1aaeaeda01e5eb5e177e1032f6a7ebc,5,c1aaeaeda01e5eb5e177e1032f6a7ebc_linea_05.jpg,"Si me faltan los libros, niego el vino en ella","Si me faltan los libros, riego el vino en ella",0.021739,1345.3
c1aaeaeda01e5eb5e177e1032f6a7ebc,6,c1aaeaeda01e5eb5e177e1032f6a7ebc_linea_06.jpg,y con mi bosa le dibyjaría todas las letras.,y con mi boca le dibujaría todas las letras.,0.045455,1341.3
c1aaeaeda01e5eb5e177e1032f6a7ebc,7,c1aaeaeda01e5eb5e177e1032f6a7ebc_linea_07.jpg,"Poro si me falta ella, entoneos,","Pero si me falta ella, entonces,",0.093750,1051.9
c1aaeaeda01e5eb5e177e1032f6a7ebc,8,c1aaeaeda01e5eb5e177e1032f6a7ebc_linea_08.jpg,"familia el último vino, boería el último libro","tomaría el último vino, leería el último libro",0.152174,1196.8
c1aaeaeda01e5eb5e177e1032f6a7ebc,9,c1aaeaeda01e5eb5e177e1032f6a7ebc_linea_09.jpg,y escribinía estes últimas letras:,y escribiría estas últimas letras:,0.058824,1038.2
c1aaeaeda01e5eb5e177e1032f6a7ebc,10,c1aaeaeda01e5eb5e177e1032f6a7ebc_linea_10.jpg,""" Aquí muere un buen amante de los libras","""Aquí muere un buen amante de los libros",0.050000,1192.3
c1aaeaeda01e5eb5e177e1032f6a7ebc,11,c1aaeaeda01e5eb5e177e1032f6a7ebc_linea_11.jpg,que acabo con los buenas viros,que acabó con los buenos vinos,0.100000,1122.4
c1aaeaeda01e5eb5e177e1032f6a7ebc,12,c1aaeaeda01e5eb5e177e1032f6a7ebc_linea_12.jpg,de todas las bodellas,de todas las botellas,0.047619,712.9
c1aaeaeda01e5eb5e177e1032f6a7ebc,13,c1aaeaeda01e5eb5e177e1032f6a7ebc_linea_13.jpg,porque ya no tiene nada,porque ya no tiene nada,0.000000,655.2
c1aaeaeda01e5eb5e177e1032f6a7ebc,14,c1aaeaeda01e5eb5e177e1032f6a7ebc_linea_14.jpg,"porque ya no tiene a ella""","porque ya no tiene a ella""",0.000000,789.4
c1aaeaeda01e5eb5e177e1032f6a7ebc,15,c1aaeaeda01e5eb5e177e1032f6a7ebc_linea_15.jpg,- Acción junética-,- ACCIÓN JULIÉTICA -,0.750000,856.2
c1aaeaeda01e5eb5e177e1032f6a7ebc,16,c1aaeaeda01e5eb5e177e1032f6a7ebc_linea_16.jpg,( CAPTAS DE AMORE ),(CARTAS DE AMOR),0.250000,788.8
d39e48324d7d1479e2742d15e284a2af,3,d39e48324d7d1479e2742d15e284a2af_linea_03.jpg,u los servicios y se la obre seprimentación-,de los servicios y de la obra de pavimentación.-,0.187500,1317.4
d39e48324d7d1479e2742d15e284a2af,4,d39e48324d7d1479e2742d15e284a2af_linea_04.jpg,Que en el Inscupuato General en Gaits as le administratecións limaal numsquide,Que en el Presupuesto General de Gastos de la administración comunal reconducido,0.350000,2404.4
d39e48324d7d1479e2742d15e284a2af,5,d39e48324d7d1479e2742d15e284a2af_linea_05.jpg,para el Gincinio 1983 a strain. es le Ovdanza ». Sosfes se enventa funicta mes-,para el Ejercicio 1.986 a través de la Ordenanza N.º 356/86 se encuentra prevista una,0.435294,2569.8
d39e48324d7d1479e2742d15e284a2af,6,d39e48324d7d1479e2742d15e284a2af_linea_06.jpg,partido en Oróste adúdor el para bugrimo en bafita que es fotorá-a la enscación,partida de crédito adicional para Erogaciones de Capital que se afectará a la creación,0.453488,2607.3
d39e48324d7d1479e2742d15e284a2af,7,d39e48324d7d1479e2742d15e284a2af_linea_07.jpg,de le fastida fueupuertoria espezifica. que elude le esozoción presente. —,de la partida presupuestaria específica que atienda la erogación proyectada.-,0.376623,2039.7
d39e48324d7d1479e2742d15e284a2af,8,d39e48324d7d1479e2742d15e284a2af_linea_08.jpg,Sue finan eineramente es cuentans con fondos disponibles que puedes us efutado,Que financieramente se cuentan con fondos disponibles que pueden ser afectados,0.192308,2026.3
d39e48324d7d1479e2742d15e284a2af,9,d39e48324d7d1479e2742d15e284a2af_linea_09.jpg,el page de la unidad a adpuluis a los que es sumeréns los resource que inguasía,al pago de la unidad a adquirir a los que se sumarán los recursos que ingresarán,0.275000,2386.9
d39e48324d7d1479e2742d15e284a2af,10,d39e48324d7d1479e2742d15e284a2af_linea_10.jpg,pe ádiosamente por el sobre as le límate es 1961 as la tuve Gaul es dumbe deh-,próximamente por el cobro del 1º bimestre de 1.986 de la Tasa General de Inmuebles Urba-,0.522727,2199.0
d39e48324d7d1479e2742d15e284a2af,11,d39e48324d7d1479e2742d15e284a2af_linea_11.jpg,nos que desmátérán avfoezas la fuento inemiés-,nos que permitirán sufragar la fuente inversión.-,0.346939,1647.1
d39e48324d7d1479e2742d15e284a2af,12,d39e48324d7d1479e2742d15e284a2af_linea_12.jpg,Por tído ello y en uno su las facultida que le confiem las dega en vijería,Por todo ello y en uso de las facultades que le confieren las leyes en vigencia,0.227848,2168.4
ddb6db36025f820403e57ae9989e3a94,1,ddb6db36025f820403e57ae9989e3a94_linea_01.jpg,Tresada Yolanda,Presada Yolanda,0.066667,555.3
ddb6db36025f820403e57ae9989e3a94,3,ddb6db36025f820403e57ae9989e3a94_linea_03.jpg,Entía quees más es perfectos,Então quais são os projectos,0.392857,895.4
ddb6db36025f820403e57ae9989e3a94,4,ddb6db36025f820403e57ae9989e3a94_linea_04.jpg,para este arno? En pretendo,para este anno? Eu pretendo,0.074074,801.4
ddb6db36025f820403e57ae9989e3a94,5,ddb6db36025f820403e57ae9989e3a94_linea_05.jpg,is abi en Séterios si Duns,ir ahi en Setembro si Deus,0.346154,979.5
ddb6db36025f820403e57ae9989e3a94,9,ddb6db36025f820403e57ae9989e3a94_linea_09.jpg,"mito Ski. "" O Sabreun di Diablo","mito ski. ""O Sabrem du Diabli""",0.233333,1059.4
ddb6db36025f820403e57ae9989e3a94,10,ddb6db36025f820403e57ae9989e3a94_linea_10.jpg,14 está aquí a no entrainement.,já está aqui e no entrainement.,0.129032,976.1
ddb6db36025f820403e57ae9989e3a94,11,ddb6db36025f820403e57ae9989e3a94_linea_11.jpg,Muitas randados a si e ao,Muitas saudades a si e ao,0.120000,902.7
ddb6db36025f820403e57ae9989e3a94,12,ddb6db36025f820403e57ae9989e3a94_linea_12.jpg,jaime. Atífa ca?,Jaime. Até por cá?,0.388889,776.1
ddb6db36025f820403e57ae9989e3a94,13,ddb6db36025f820403e57ae9989e3a94_linea_13.jpg,Un abraco de,Um abraço de,0.166667,657.0
e7c8c5a192b46e80235c0bcbd78c8be7,1,e7c8c5a192b46e80235c0bcbd78c8be7_linea_01.jpg,Me eronové de ti porque fuistes tú quien me hizo sentir como,Me enamoré de ti porque fuistes tú quien me hizo sentir cosas,0.114754,2394.7
e7c8c5a192b46e80235c0bcbd78c8be7,2,e7c8c5a192b46e80235c0bcbd78c8be7_linea_02.jpg,"que ningura otra persona Me heba hecho ernbr, y aguikecio que seas tú.","que ninguna otra persona me había hecho sentir, y agradezco que seas tú.",0.180556,2400.4
e7c8c5a192b46e80235c0bcbd78c8be7,3,e7c8c5a192b46e80235c0bcbd78c8be7_linea_03.jpg,"Me enúmore de tu forma de ser , de tuesunta, de lo que nuestros y de","Me enamoró de tu forma de ser, de tu esencia, de lo que muestros y de",0.115942,2045.4
e7c8c5a192b46e80235c0bcbd78c8be7,4,e7c8c5a192b46e80235c0bcbd78c8be7_linea_04.jpg,"lo que cuardes también . Te amo así como ens, sin cumberte nada, con","lo que escondes también. Te amo así como eres, sin cambiarte nada, con",0.157143,1913.2
e7c8c5a192b46e80235c0bcbd78c8be7,5,e7c8c5a192b46e80235c0bcbd78c8be7_linea_05.jpg,"lo basno que no vos y lo malo que dices tener Porque un dada parte hija,","lo bueno que no ves y lo malo que dices tener. Porque en cada parte tuya,",0.123288,2213.6
e7c8c5a192b46e80235c0bcbd78c8be7,6,e7c8c5a192b46e80235c0bcbd78c8be7_linea_06.jpg,"incheso la mas calada, huy algo que me hace vdivorte a esogen.","incluso la más callada, hay algo que me hace volverte a escoger.",0.156250,1922.9
e7c8c5a192b46e80235c0bcbd78c8be7,7,e7c8c5a192b46e80235c0bcbd78c8be7_linea_07.jpg,"los ogos . Nose que trenen, pero me atrapan, son el lugar donde stamper","Tus ojos... No sé qué tienen, pero me atrapan, son el lugar donde siempre",0.178082,1866.9
e7c8c5a192b46e80235c0bcbd78c8be7,8,e7c8c5a192b46e80235c0bcbd78c8be7_linea_08.jpg,"grows volver. Y tu voe . . Es ese ve figigue me calma, ese sandoge no me","quiero volver. Y tu voz... es ese refugio que me calma, ese sonido que no me",0.276316,2273.7
e7c8c5a192b46e80235c0bcbd78c8be7,9,e7c8c5a192b46e80235c0bcbd78c8be7_linea_09.jpg,"Couso de quevor Me asista la Numera en que te amo, porque es tan fast","causa de querer. Me asusta la manera en que te amo, porque es tan fuert",0.183099,1796.6
e7c8c5a192b46e80235c0bcbd78c8be7,10,e7c8c5a192b46e80235c0bcbd78c8be7_linea_10.jpg,"que no sé arphora, es como si antes de ti no hubiva pasado nada y desp","que no sé explicar, es como si antes de ti no hubiera pasado nada y desp",0.111111,1863.6
e7c8c5a192b46e80235c0bcbd78c8be7,11,e7c8c5a192b46e80235c0bcbd78c8be7_linea_11.jpg,"de t. . ya no cristancia nada más . Te amo, más de lo que las palebuss","de ti... ya no existiera nada más. Te amo, más de lo que las palabras",0.173913,1978.9
e7c8c5a192b46e80235c0bcbd78c8be7,12,e7c8c5a192b46e80235c0bcbd78c8be7_linea_12.jpg,"purden decir, más de lo que yo miama logro entendav . Ysi algús día","pueden decir, más de lo que yo misma logro entender. Y si algún día",0.104478,2145.6
e7c8c5a192b46e80235c0bcbd78c8be7,13,e7c8c5a192b46e80235c0bcbd78c8be7_linea_13.jpg,"dudos de lo que ares para mi ... míname , y lo ves a saba.","dudas de lo que eres para mí... Mírame, y lo vas a saber.",0.175439,1873.1
e7c8c5a192b46e80235c0bcbd78c8be7,15,e7c8c5a192b46e80235c0bcbd78c8be7_linea_15.jpg,todo . en este mundo y en valquier lugar.,todo... en este mundo y en cualquier lugar.,0.093023,1205.0
